Position,Company,Location,Url
(재)씨젠의료재단 2023년 하반기 검사부문 우수인재 공채(인턴)의 전체 세부 정보,씨젠의료재단,서울 성동구,https://kr.indeed.com//rc/clk?jk=941e27b86561191a&fccid=c4bf240b45045a90&vjs=3
2023년 제7차 시청자미디어재단 신입직(형인턴)의 전체 세부 정보,시청자미디어재단,서울 영등포구,https://kr.indeed.com//rc/clk?jk=cb6c6b6535be9997&fccid=7db014f041b52291&vjs=3
2023년 하반기 직원 공개 (일반직 및 공무직)의 전체 세부 정보,한국어촌어항공단,서울,https://kr.indeed.com//rc/clk?jk=95cf9dfceab64b8c&fccid=748305a0a08e3464&vjs=3
2023년 하반기 형 인턴(승강기 검사 직무)의 전체 세부 정보,한국승강기안전공단,서울,https://kr.indeed.com//rc/clk?jk=d4f1276b68381606&fccid=b9d6fa1ad0dbe803&vjs=3
[기획] 글로벌마케팅(인턴)의 전체 세부 정보,이노션,서울 강남구,https://kr.indeed.com//rc/clk?jk=2d8cad06415e1117&fccid=3d4c64c359472116&vjs=3
[기획] 글로벌마케팅(인턴)의 전체 세부 정보,이노션,서울 강남구,https://kr.indeed.com//rc/clk?jk=2d8cad06415e1117&fccid=3d4c64c359472116&vjs=3
서비스운영 인턴(정규직 전환형)의 전체 세부 정보,프리윌린,서울 관악구,https://kr.indeed.com//rc/clk?jk=307e98c8009c12f8&fccid=133bdb9b49074834&vjs=3
2023년 신입직원 및 전문직(회계사)의 전체 세부 정보,한국지역난방공사,서울,https://kr.indeed.com//rc/clk?jk=4feef4280ec522bd&fccid=e5926f97009d5377&vjs=3
2023년 제2차 체험형 청년인턴(일반  장애인)의 전체 세부 정보,한국관광공사,서울,https://kr.indeed.com//rc/clk?jk=859437b3f3a9958e&fccid=d230552e5447edca&vjs=3
한국제약바이오협회 (산업진흥팀 인턴)의 전체 세부 정보,한국제약바이오협회,서울 서초구,https://kr.indeed.com//rc/clk?jk=84d4c3f45fb26e79&fccid=4f24ccf025b836ae&vjs=3
[NAVER Z] Sticker.ly 인도네시아 콘텐츠 운영 체험형 인턴의 전체 세부 정보,네이버제트,성남 분당구,https://kr.indeed.com//rc/clk?jk=10272c70eb1b1441&fccid=bc34e4450e078d19&vjs=3
[NAVER Z] Sticker.ly 인도네시아 콘텐츠 운영 체험형 인턴의 전체 세부 정보,네이버제트,성남 분당구,https://kr.indeed.com//rc/clk?jk=10272c70eb1b1441&fccid=bc34e4450e078d19&vjs=3
[플리토] AI 학습용 언어 데이터 PM 인턴의 전체 세부 정보,플리토,서울 강남구,https://kr.indeed.com//rc/clk?jk=1409506df2172d35&fccid=01aed038bcce2a5f&vjs=3
[해외취업] 바다로요트 푸켓 현지 법인  전체형 인턴의 전체 세부 정보,극동엠이에스,서울 소공동,https://kr.indeed.com//rc/clk?jk=493b509ad7446261&fccid=c78722c54629d070&vjs=3
2023 하반기 금융권 PB직무 수시의 전체 세부 정보,케이에이치자산관리법인센터,서울 강남구,https://kr.indeed.com//rc/clk?jk=2c49e879ecd4b1dc&fccid=d00f1155d56cc8b9&vjs=3
[공무원연금공단] 체험형 청년인턴(장애 전형)의 전체 세부 정보,공무원연금공단,서울,https://kr.indeed.com//rc/clk?jk=3a972b502bc18396&fccid=9bd4eee21d925286&vjs=3
2023년 중앙데일리 인턴기자의 전체 세부 정보,중앙데일리,서울 마포구,https://kr.indeed.com//rc/clk?jk=84dbad6d68d0a2d9&fccid=3f391fb486d1ddce&vjs=3
2023년 중앙데일리 인턴기자의 전체 세부 정보,중앙데일리,서울 마포구,https://kr.indeed.com//rc/clk?jk=84dbad6d68d0a2d9&fccid=3f391fb486d1ddce&vjs=3
2023년 중앙데일리 인턴기자의 전체 세부 정보,중앙데일리,서울 마포구,https://kr.indeed.com//rc/clk?jk=84dbad6d68d0a2d9&fccid=3f391fb486d1ddce&vjs=3
2023 하반기 금융권 PB직무 수시의 전체 세부 정보,케이에이치자산관리법인센터,서울 강남구,https://kr.indeed.com//rc/clk?jk=2c49e879ecd4b1dc&fccid=d00f1155d56cc8b9&vjs=3
경영지원팀 인사담당의 전체 세부 정보,비밀리,성남 분당구,https://kr.indeed.com//rc/clk?jk=d9e415277fb77901&fccid=535a3d65d0a88285&vjs=3
AI운용팀 인턴사원요강의 전체 세부 정보,흥국증권,서울 영등포구,https://kr.indeed.com//rc/clk?jk=b99bca422316409f&fccid=5188d5dab8726980&vjs=3
[NAVER Z] Sticker.ly 브라질 콘텐츠 운영 체험형 인턴의 전체 세부 정보,네이버제트,성남 분당구,https://kr.indeed.com//rc/clk?jk=5d8a772be620da16&fccid=bc34e4450e078d19&vjs=3
[NAVER Z] Sticker.ly 브라질 콘텐츠 운영 체험형 인턴의 전체 세부 정보,네이버제트,성남 분당구,https://kr.indeed.com//rc/clk?jk=5d8a772be620da16&fccid=bc34e4450e078d19&vjs=3
[공무원연금공단] 체험형 청년인턴(장애 전형)의 전체 세부 정보,공무원연금공단,서울,https://kr.indeed.com//rc/clk?jk=3a972b502bc18396&fccid=9bd4eee21d925286&vjs=3
[해외취업] 바다로요트 푸켓 현지 법인  전체형 인턴의 전체 세부 정보,극동엠이에스,서울 소공동,https://kr.indeed.com//rc/clk?jk=493b509ad7446261&fccid=c78722c54629d070&vjs=3
Game Programmer Intern (체험형 인턴)의 전체 세부 정보,퍼즐원스튜디오,성남 분당구,https://kr.indeed.com//rc/clk?jk=f053e8cff48f3d97&fccid=181da5dd2a4ce146&vjs=3
경영지원(경리/회계/총무)직원의 전체 세부 정보,트루커뮤니케이션즈,서울 강남구,https://kr.indeed.com//rc/clk?jk=ef2ec3434d717d66&fccid=33c9e7e4409fb81d&vjs=3
이벤트 프로모션 기획팀 신입/경력의 전체 세부 정보,레드글로브,서울 성동구,https://kr.indeed.com//rc/clk?jk=6e3bd69775de2c1e&fccid=0743823627c93049&vjs=3
이벤트 프로모션 기획팀 신입/경력의 전체 세부 정보,레드글로브,서울 성동구,https://kr.indeed.com//rc/clk?jk=6e3bd69775de2c1e&fccid=0743823627c93049&vjs=3
항공기 항공정비 부문 신입직원 모집의 전체 세부 정보,한국공항,서울 방화동,https://kr.indeed.com//rc/clk?jk=4832018608b78494&fccid=10402bf668c72230&vjs=3
현대자동차 카마스타.영업.신차판매 .의 전체 세부 정보,현대 신강남 판매대리점,서울 서초구,https://kr.indeed.com//rc/clk?jk=c84ce17dd50ebe76&fccid=dd616958bd9ddc12&vjs=3
구로구청 안내도우미의 전체 세부 정보,에이비프로,서울 구로구,https://kr.indeed.com//rc/clk?jk=116f069259e331c9&fccid=1e47109ec88786e6&vjs=3
[클라피]프린트 복사기 관리 직원 공개(엔지니어)의 전체 세부 정보,비와이정보시스템,서울 종로구,https://kr.indeed.com//rc/clk?jk=9404b3fc7338e929&fccid=fbdeb92e892d26d2&vjs=3
창업교육 기획 및 운영 담당자의 전체 세부 정보,비즈코웍,서울 서초구,https://kr.indeed.com//rc/clk?jk=968bc1f23da08f75&fccid=3b5af77baa8b0a70&vjs=3
창업교육 기획 및 운영 담당자의 전체 세부 정보,비즈코웍,서울 서초구,https://kr.indeed.com//rc/clk?jk=968bc1f23da08f75&fccid=3b5af77baa8b0a70&vjs=3
이벤트 프로모션 기획팀 신입/경력의 전체 세부 정보,레드글로브,서울 성동구,https://kr.indeed.com//rc/clk?jk=6e3bd69775de2c1e&fccid=0743823627c93049&vjs=3
구로구청 안내도우미의 전체 세부 정보,에이비프로,서울 구로구,https://kr.indeed.com//rc/clk?jk=116f069259e331c9&fccid=1e47109ec88786e6&vjs=3
경영지원(경리/회계/총무)직원의 전체 세부 정보,트루커뮤니케이션즈,서울 강남구,https://kr.indeed.com//rc/clk?jk=ef2ec3434d717d66&fccid=33c9e7e4409fb81d&vjs=3
식음팀(F&B) 정직원의 전체 세부 정보,서울대학교 생협 호암교수회관지점,서울 관악구,https://kr.indeed.com//rc/clk?jk=1bfed9a3a0990ed1&fccid=e3292ec21323adc6&vjs=3
[클라피]프린트 복사기 관리 직원 공개(엔지니어)의 전체 세부 정보,비와이정보시스템,서울 종로구,https://kr.indeed.com//rc/clk?jk=9404b3fc7338e929&fccid=fbdeb92e892d26d2&vjs=3
[클라피]프린트 복사기 관리 직원 공개(엔지니어)의 전체 세부 정보,비와이정보시스템,서울 종로구,https://kr.indeed.com//rc/clk?jk=9404b3fc7338e929&fccid=fbdeb92e892d26d2&vjs=3
화수목금토 인턴 구인의 전체 세부 정보,화이트홀헤어,경기도 성남,https://kr.indeed.com//rc/clk?jk=fb519685798c0247&fccid=dd616958bd9ddc12&vjs=3
디지자너너및 인턴의 전체 세부 정보,살롱드르망,서울 관악구,https://kr.indeed.com//rc/clk?jk=d05aa47b3df51f2b&fccid=364a17bf91f41c52&vjs=3
[용산] 영업 및 거래처 관리/ 사무보조 직원 (용산 청년 인턴십 참여중)의 전체 세부 정보,에스티원테크,서울 용산구,https://kr.indeed.com//rc/clk?jk=f9d3bf2b20e2a4cd&fccid=f476ccd37eb6ea81&vjs=3
리서치센터 신입 및 경력 채용의 전체 세부 정보,SK증권,서울 여의도,https://kr.indeed.com//rc/clk?jk=84423dfc1b63a9f7&fccid=37ecc58f818dccd4&vjs=3
신규고객 최고인 정릉시장점에서 인턴 디자이너 ...의 전체 세부 정보,리안헤어 정릉시장점,서울 성북구,https://kr.indeed.com//rc/clk?jk=aca2c93eface18ea&fccid=fd476716d894256f&vjs=3
신규고객 최고인 정릉시장점에서 인턴 디자이너 ...의 전체 세부 정보,리안헤어 정릉시장점,서울 성북구,https://kr.indeed.com//rc/clk?jk=aca2c93eface18ea&fccid=fd476716d894256f&vjs=3
체험형 Internship 시행의 전체 세부 정보,SK증권,서울 여의도,https://kr.indeed.com//rc/clk?jk=0a84a395af963042&fccid=37ecc58f818dccd4&vjs=3
현대자동차 카마스타.영업.신차판매 .의 전체 세부 정보,현대 신강남 판매대리점,서울 서초구,https://kr.indeed.com//rc/clk?jk=c84ce17dd50ebe76&fccid=dd616958bd9ddc12&vjs=3
(사)한국잡지협회 매거진저널 담당 기자의 전체 세부 정보,한국잡지협회,서울 영등포구,https://kr.indeed.com//rc/clk?jk=3da2cc25e37ccd45&fccid=72e793075864cc6e&vjs=3
[해외취업] 유기농/친환경 식품 전문 유통기업 DR. MUNCH NY INC - 인턴의 전체 세부 정보,아이씨엔그룹,서울 역삼동,https://kr.indeed.com//rc/clk?jk=23d097406c461229&fccid=1747ef880c1e67fb&vjs=3
2023 세이브존 형 인턴 공개의 전체 세부 정보,세이브존아이앤씨,경기도 부천,https://kr.indeed.com//rc/clk?jk=208c45409c9004b7&fccid=17ff9a4edcb87b2d&vjs=3
2023 세이브존 형 인턴 공개의 전체 세부 정보,세이브존아이앤씨,경기도 부천,https://kr.indeed.com//rc/clk?jk=208c45409c9004b7&fccid=17ff9a4edcb87b2d&vjs=3
3일.4일 5일6일 제 인턴 초디 디자이너 구인합니다의 전체 세부 정보,프리디아나 다산본점,경기도 남양주,https://kr.indeed.com//rc/clk?jk=4c7300fd5a5a38d1&fccid=dd616958bd9ddc12&vjs=3
[해외취업] 유기농/친환경 식품 전문 유통기업 DR. MUNCH NY INC - 인턴의 전체 세부 정보,아이씨엔그룹,서울 역삼동,https://kr.indeed.com//rc/clk?jk=23d097406c461229&fccid=1747ef880c1e67fb&vjs=3
경리 및 총무의 전체 세부 정보,포원솔루션그룹,경기도 광명,https://kr.indeed.com//rc/clk?jk=14f452efbaf140c0&fccid=dd616958bd9ddc12&vjs=3
[한화투자증권] 채권영업팀 채용 공고의 전체 세부 정보,한화그룹,서울,https://kr.indeed.com//rc/clk?jk=af8b5c0218a1c417&fccid=bd0dc1817223394f&vjs=3
경성주막 연신내점 주방 경력 직원 주6일 9시간 280만의 전체 세부 정보,경성주막1929 연신내점,서울 은평구,https://kr.indeed.com//rc/clk?jk=e7ef78e14cca503e&fccid=2dd4051b79ca38e7&vjs=3
경성주막 연신내점 주방 경력 직원 주6일 9시간 280만의 전체 세부 정보,경성주막1929 연신내점,서울 은평구,https://kr.indeed.com//rc/clk?jk=e7ef78e14cca503e&fccid=2dd4051b79ca38e7&vjs=3
리서치센터 신입 및 경력 채용의 전체 세부 정보,SK증권,서울 여의도,https://kr.indeed.com//rc/clk?jk=84423dfc1b63a9f7&fccid=37ecc58f818dccd4&vjs=3
[해외취업] 여성의류 컨템포러리 패션기업 MABLE – 이커머스 인턴의 전체 세부 정보,아이씨엔그룹,서울 역삼동,https://kr.indeed.com//rc/clk?jk=cfe05f78a3e9c48c&fccid=1747ef880c1e67fb&vjs=3
(사)한국잡지협회 매거진저널 담당 기자의 전체 세부 정보,한국잡지협회,서울 영등포구,https://kr.indeed.com//rc/clk?jk=3da2cc25e37ccd45&fccid=72e793075864cc6e&vjs=3
로지스올(주) 경영진단(감사) 사무보조 계약직의 전체 세부 정보,로지스올,서울 마포구,https://kr.indeed.com//rc/clk?jk=09f8fc8f212889e4&fccid=c036563c0fd3e80f&vjs=3
SK텔레콤 협력업체 정보통신공사 신입 통신공무의 전체 세부 정보,서진정보통신,고양 덕양구,https://kr.indeed.com//rc/clk?jk=f67f4e150030be1a&fccid=5d73025d1cece290&vjs=3
SK텔레콤 협력업체 정보통신공사 신입 통신공무의 전체 세부 정보,서진정보통신,고양 덕양구,https://kr.indeed.com//rc/clk?jk=f67f4e150030be1a&fccid=5d73025d1cece290&vjs=3
(주)프럼파스트 국내영업부 신입/경력의 전체 세부 정보,프럼파스트,서울 서초구,https://kr.indeed.com//rc/clk?jk=c34f8ca9e216dd1c&fccid=0bd68afa48978b9b&vjs=3
신규고객 최고인 정릉시장점에서 인턴 디자이너 ...의 전체 세부 정보,리안헤어 정릉시장점,서울 성북구,https://kr.indeed.com//rc/clk?jk=aca2c93eface18ea&fccid=fd476716d894256f&vjs=3
식음팀(F&B) 정직원의 전체 세부 정보,서울대학교 생협 호암교수회관지점,서울 관악구,https://kr.indeed.com//rc/clk?jk=1bfed9a3a0990ed1&fccid=e3292ec21323adc6&vjs=3
여성의류 온라인MD  쇼핑몰 오픈마켓 운영 경력의 전체 세부 정보,엠제이트랜드,서울 강남구,https://kr.indeed.com//rc/clk?jk=06dd122221231dd5&fccid=0199863a501715bf&vjs=3
23년 세이브존형 인턴사원의 전체 세부 정보,세이브존아이앤씨,경기도 부천,https://kr.indeed.com//rc/clk?jk=89cebdbeee3bdbd9&fccid=17ff9a4edcb87b2d&vjs=3
23년 세이브존형 인턴사원의 전체 세부 정보,세이브존아이앤씨,경기도 부천,https://kr.indeed.com//rc/clk?jk=89cebdbeee3bdbd9&fccid=17ff9a4edcb87b2d&vjs=3
[주5일/도곡동-인덕원] (주)심원테크 임원수행기사 경력직의 전체 세부 정보,인라인파트너스,서울 강남구,https://kr.indeed.com//rc/clk?jk=485ff2d37b5a2503&fccid=ffffe73f6c5c26e1&vjs=3
3일.4일 5일6일 제 인턴 초디 디자이너 구인합니다의 전체 세부 정보,프리디아나 다산본점,경기도 남양주,https://kr.indeed.com//rc/clk?jk=4c7300fd5a5a38d1&fccid=dd616958bd9ddc12&vjs=3
경성주막 연신내점 주방 경력 직원 주6일 9시간 280만의 전체 세부 정보,경성주막1929 연신내점,서울 은평구,https://kr.indeed.com//rc/clk?jk=e7ef78e14cca503e&fccid=2dd4051b79ca38e7&vjs=3
회계 사무원 경력직의 전체 세부 정보,서영주정,서울 영등포구,https://kr.indeed.com//rc/clk?jk=ec91b7cdef638b7a&fccid=76f6e090d457ed2b&vjs=3
브로시스 건대점 인턴디자이너모집(주5근무/8시간근무)의 전체 세부 정보,브로시스,서울 광진구,https://kr.indeed.com//rc/clk?jk=3e158a2321baefd2&fccid=8e0d4a87050c109d&vjs=3
브로시스 건대점 인턴디자이너모집(주5근무/8시간근무)의 전체 세부 정보,브로시스,서울 광진구,https://kr.indeed.com//rc/clk?jk=3e158a2321baefd2&fccid=8e0d4a87050c109d&vjs=3
상품기획·MD (대기업 판촉물 제안 및 납품)의 전체 세부 정보,대진아이엔티,경기도 남양주,https://kr.indeed.com//rc/clk?jk=b59bed48c19a0dfa&fccid=9f75479f380cf08e&vjs=3
여성의류 온라인MD  쇼핑몰 오픈마켓 운영 경력의 전체 세부 정보,엠제이트랜드,서울 강남구,https://kr.indeed.com//rc/clk?jk=06dd122221231dd5&fccid=0199863a501715bf&vjs=3
23년 세이브존형 인턴사원의 전체 세부 정보,세이브존아이앤씨,경기도 부천,https://kr.indeed.com//rc/clk?jk=89cebdbeee3bdbd9&fccid=17ff9a4edcb87b2d&vjs=3
SK텔레콤 협력업체 정보통신공사 신입 통신공무의 전체 세부 정보,서진정보통신,고양 덕양구,https://kr.indeed.com//rc/clk?jk=f67f4e150030be1a&fccid=5d73025d1cece290&vjs=3
주방 직원 소담촌 수유점에서 함께 일하실 분 모집합니다의 전체 세부 정보,소담촌 수유점,서울 강북구,https://kr.indeed.com//rc/clk?jk=ad03bc8bc09e7ea5&fccid=bae6609710e135a3&vjs=3
주방 직원 소담촌 수유점에서 함께 일하실 분 모집합니다의 전체 세부 정보,소담촌 수유점,서울 강북구,https://kr.indeed.com//rc/clk?jk=ad03bc8bc09e7ea5&fccid=bae6609710e135a3&vjs=3
[대한건설기계안전관리원][대한건설기계안전관리원]장애인 체험형 인턴(행정) (장애인만  ~8/27)의 전체 세부 정보,대한건설기계안전관리원,서울 서초동,https://kr.indeed.com//rc/clk?jk=962197508aab8464&fccid=df50ed01d6a711cc&vjs=3
[한국폴리텍2대학]한국폴리텍대학 인천캠퍼스 청년인턴(일경험사업)의 전체 세부 정보,한국폴리텍2대학,인천 부평구,https://kr.indeed.com//rc/clk?jk=5bf4cf6bb7956eeb&fccid=a21b131477ddb98e&vjs=3
와이지(YG)세무회계컨설팅 직원의 전체 세부 정보,와이지(YG) 세무회계컨설팅,서울 성동구,https://kr.indeed.com//rc/clk?jk=f8422e1a18d01c43&fccid=dd616958bd9ddc12&vjs=3
(주)비씨2000 성남제과제빵공장 신입  경력 생산팀 ( 베이커리경력우대)의 전체 세부 정보,비씨2000,성남 중원구,https://kr.indeed.com//rc/clk?jk=264f0ce1c8d935d7&fccid=e3d48e6867bf0b91&vjs=3
압구정(이치에)에서 홀  주방 모집합니다!의 전체 세부 정보,이치에,서울 강남구,https://kr.indeed.com//rc/clk?jk=acfb96f4313a4aa1&fccid=831423bbda9a775a&vjs=3
압구정(이치에)에서 홀  주방 모집합니다!의 전체 세부 정보,이치에,서울 강남구,https://kr.indeed.com//rc/clk?jk=acfb96f4313a4aa1&fccid=831423bbda9a775a&vjs=3
[DB금융투자] WM영업직 채용연계형 인턴사원 모집,디비금융투자㈜,서울 외,https://www.jobkorea.co.kr//Recruit/GI_Read/42600507?Oem_Code=C1&logpath=1&stext=인턴&listno=1
2023년 (주)세정 신입(인턴) 채용(채용연계형인턴),㈜세정서울지사,서울 외,https://www.jobkorea.co.kr//Recruit/GI_Read/42537469?Oem_Code=C1&logpath=1&stext=인턴&listno=2
2023년 포스코 산업가스사업부 채용형 인턴 신입사원 모집(포항/광양 근무),㈜포스코,경북 외,https://www.jobkorea.co.kr//Recruit/GI_Read/42542595?Oem_Code=C1&logpath=1&stext=인턴&listno=3
'23년 하반기 채용전제형 인턴 모집,한화이센셜㈜,충남 외,https://www.jobkorea.co.kr//Recruit/GI_Read/42584005?Oem_Code=C1&logpath=1&stext=인턴&listno=4
[DB금융투자]기관금융팀 인턴십(체험형 인턴) 채용,디비금융투자㈜,서울,https://www.jobkorea.co.kr//Recruit/GI_Read/42543885?Oem_Code=C1&logpath=1&stext=인턴&listno=5
2023년 하반기 채용형 인턴(승강기 검사 직무) 채용,한국승강기안전공단,전국,https://www.jobkorea.co.kr//Recruit/GI_Read/42642284?Oem_Code=C1&logpath=1&stext=인턴&listno=6
2023년 제3차 체험형 인턴직원 공개채용,한국기초과학지원연구원,전국,https://www.jobkorea.co.kr//Recruit/GI_Read/42637739?Oem_Code=C1&logpath=1&stext=인턴&listno=7
2023년 제2차 체험형 청년인턴(일반  장애인) 채용,한국관광공사,강원 외,https://www.jobkorea.co.kr//Recruit/GI_Read/42612539?Oem_Code=C1&logpath=1&stext=인턴&listno=8
모빌라이즈파이낸셜서비스코리아 보험대리점 Sales & Marketing 인턴 채용,알씨아이파이낸셜서비스코리아㈜,서울,https://www.jobkorea.co.kr//Recruit/GI_Read/42564086?Oem_Code=C1&logpath=1&stext=인턴&listno=9
모빌라이즈파이낸셜서비스코리아 Risk 관리 인턴 모집 공고,알씨아이파이낸셜서비스코리아㈜,서울,https://www.jobkorea.co.kr//Recruit/GI_Read/42564057?Oem_Code=C1&logpath=1&stext=인턴&listno=10
모빌라이즈파이낸셜서비스코리아 심사팀 인턴 모집 공고,알씨아이파이낸셜서비스코리아㈜,서울,https://www.jobkorea.co.kr//Recruit/GI_Read/42563971?Oem_Code=C1&logpath=1&stext=인턴&listno=11
LX하우시스 채용연계형 대졸 인턴 모집(설비),㈜LX하우시스,울산 외,https://www.jobkorea.co.kr//Recruit/GI_Read/42499694?Oem_Code=C1&logpath=1&stext=인턴&listno=12
LX하우시스 채용연계형 대졸 인턴 모집(환경),㈜LX하우시스,울산 외,https://www.jobkorea.co.kr//Recruit/GI_Read/42499681?Oem_Code=C1&logpath=1&stext=인턴&listno=13
LX하우시스 채용연계형 대졸 인턴 모집(재무/금융/경영관리),㈜LX하우시스,울산 외,https://www.jobkorea.co.kr//Recruit/GI_Read/42499675?Oem_Code=C1&logpath=1&stext=인턴&listno=14
LX하우시스 채용연계형 대졸 인턴 모집(엔지니어),㈜LX하우시스,울산 외,https://www.jobkorea.co.kr//Recruit/GI_Read/42499636?Oem_Code=C1&logpath=1&stext=인턴&listno=15
(주)YIDO 2023년도 제3기 인턴사원 공개모집,㈜이도,서울,https://www.jobkorea.co.kr//Recruit/GI_Read/42460244?Oem_Code=C1&logpath=1&stext=인턴&listno=16
슈피겐코리아 채용연계형 인턴/경력 공개 채용,㈜슈피겐코리아,서울 외,https://www.jobkorea.co.kr//Recruit/GI_Read/42640158?Oem_Code=C1&logpath=1&stext=인턴&listno=17
2023년 ㈜한국직무능력평가연구소 정규직 및 인턴 채용,㈜한국직무능력평가연구소,서울,https://www.jobkorea.co.kr//Recruit/GI_Read/42639113?Oem_Code=C1&logpath=1&stext=인턴&listno=18
2023년 우리금융저축은행 채용연계형 인턴 채용공고,㈜우리금융저축은행,서울,https://www.jobkorea.co.kr//Recruit/GI_Read/42618746?Oem_Code=C1&logpath=1&stext=인턴&listno=19
2023년 하반기 포스코스틸리온 대졸 신입(채용 연계형 인턴)/ 경력사원 채용,포스코스틸리온,경북 외,https://www.jobkorea.co.kr//Recruit/GI_Read/42613423?Oem_Code=C1&logpath=1&stext=인턴&listno=20
